date,rainfall_mm,inflow_ktcmd,water_level_m,data_source
2024-01-01,2.44,192.07,7.248,SIMULATED_INPUT
2024-01-02,0.0,192.07,7.248,SIMULATED_INPUT
2024-01-03,6.0,184.02,7.231,SIMULATED_INPUT
2024-01-04,7.52,199.81,7.248,SIMULATED_INPUT
2024-01-05,0.0,214.74,7.297,SIMULATED_INPUT
2024-01-06,0.0,192.42,7.315,SIMULATED_INPUT
2024-01-07,1.02,180.0,7.272,SIMULATED_INPUT
2024-01-08,0.0,183.37,7.204,SIMULATED_INPUT
2024-01-09,0.0,181.69,7.181,SIMULATED_INPUT
2024-01-10,0.0,180.0,7.181,SIMULATED_INPUT
2024-01-11,7.04,180.0,7.174,SIMULATED_INPUT
2024-01-12,6.22,203.22,7.22,SIMULATED_INPUT
2024-01-13,0.53,212.14,7.29,SIMULATED_INPUT
2024-01-14,9.02,192.01,7.316,SIMULATED_INPUT
2024-01-15,3.74,210.63,7.332,SIMULATED_INPUT
2024-01-16,0.0,207.22,7.321,SIMULATED_INPUT
2024-01-17,2.95,186.17,7.309,SIMULATED_INPUT
2024-01-18,0.0,189.74,7.263,SIMULATED_INPUT
2024-01-19,7.03,184.87,7.215,SIMULATED_INPUT
2024-01-20,0.0,203.19,7.252,SIMULATED_INPUT
2024-01-21,0.0,191.6,7.256,SIMULATED_INPUT
2024-01-22,0.0,180.0,7.245,SIMULATED_INPUT
2024-01-23,9.78,180.0,7.195,SIMULATED_INPUT
2024-01-24,0.0,212.28,7.24,SIMULATED_INPUT
2024-01-25,0.0,196.14,7.275,SIMULATED_INPUT
2024-01-26,0.0,180.0,7.275,SIMULATED_INPUT
2024-01-27,4.26,180.0,7.205,SIMULATED_INPUT
2024-01-28,2.92,194.05,7.2,SIMULATED_INPUT
2024-01-29,3.3,196.67,7.237,SIMULATED_INPUT
2024-01-30,3.45,195.72,7.271,SIMULATED_INPUT
2024-01-31,17.13,196.82,7.277,SIMULATED_INPUT
2024-02-01,0.0,242.23,7.375,SIMULATED_INPUT
2024-02-02,0.0,208.27,7.403,SIMULATED_INPUT
2024-02-03,0.0,180.0,7.366,SIMULATED_INPUT
2024-02-04,4.93,180.0,7.231,SIMULATED_INPUT
2024-02-05,9.03,196.26,7.205,SIMULATED_INPUT
2024-02-06,0.0,217.94,7.287,SIMULATED_INPUT
2024-02-07,0.0,194.9,7.32,SIMULATED_INPUT
2024-02-08,0.0,180.0,7.284,SIMULATED_INPUT
2024-02-09,5.2,180.0,7.202,SIMULATED_INPUT
2024-02-10,5.95,197.18,7.207,SIMULATED_INPUT
2024-02-11,4.35,208.21,7.268,SIMULATED_INPUT
2024-02-12,0.0,204.15,7.321,SIMULATED_INPUT
2024-02-13,1.86,187.17,7.299,SIMULATED_INPUT
2024-02-14,0.93,186.13,7.251,SIMULATED_INPUT
2024-02-15,1.75,186.15,7.212,SIMULATED_INPUT
2024-02-16,6.97,187.31,7.212,SIMULATED_INPUT
2024-02-17,1.79,205.89,7.255,SIMULATED_INPUT
2024-02-18,5.43,197.41,7.28,SIMULATED_INPUT
2024-02-19,0.54,200.87,7.309,SIMULATED_INPUT
2024-02-20,2.31,190.75,7.276,SIMULATED_INPUT
2024-02-21,5.05,188.52,7.257,SIMULATED_INPUT
2024-02-22,0.0,200.48,7.256,SIMULATED_INPUT
2024-02-23,0.0,188.33,7.251,SIMULATED_INPUT
2024-02-24,0.0,180.0,7.232,SIMULATED_INPUT
2024-02-25,0.0,180.0,7.188,SIMULATED_INPUT
2024-02-26,0.0,180.0,7.17,SIMULATED_INPUT
2024-02-27,11.96,180.0,7.17,SIMULATED_INPUT
2024-02-28,0.0,219.47,7.256,SIMULATED_INPUT
2024-02-29,7.75,199.73,7.298,SIMULATED_INPUT
2024-03-01,0.0,205.56,7.354,SIMULATED_INPUT
2024-03-02,0.0,192.78,7.296,SIMULATED_INPUT
2024-03-03,1.3,180.0,7.253,SIMULATED_INPUT
2024-03-04,4.69,184.3,7.207,SIMULATED_INPUT
2024-03-05,5.69,197.62,7.217,SIMULATED_INPUT
2024-03-06,6.35,206.51,7.275,SIMULATED_INPUT
2024-03-07,0.0,210.33,7.331,SIMULATED_INPUT
2024-03-08,0.0,190.47,7.316,SIMULATED_INPUT
2024-03-09,6.86,180.0,7.258,SIMULATED_INPUT
2024-03-10,0.0,202.65,7.242,SIMULATED_INPUT
2024-03-11,0.0,191.33,7.244,SIMULATED_INPUT
2024-03-12,0.0,180.0,7.244,SIMULATED_INPUT
2024-03-13,0.0,180.0,7.195,SIMULATED_INPUT
2024-03-14,3.98,180.0,7.17,SIMULATED_INPUT
2024-03-15,1.14,193.13,7.198,SIMULATED_INPUT
2024-03-16,5.52,190.32,7.221,SIMULATED_INPUT
2024-03-17,0.0,200.11,7.264,SIMULATED_INPUT
2024-03-18,1.27,189.11,7.256,SIMULATED_INPUT
2024-03-19,5.0,184.19,7.242,SIMULATED_INPUT
2024-03-20,0.0,198.61,7.239,SIMULATED_INPUT
2024-03-21,3.65,188.26,7.237,SIMULATED_INPUT
2024-03-22,0.0,192.06,7.254,SIMULATED_INPUT
2024-03-23,0.0,186.03,7.227,SIMULATED_INPUT
2024-03-24,0.0,180.0,7.209,SIMULATED_INPUT
2024-03-25,0.0,180.0,7.183,SIMULATED_INPUT
2024-03-26,3.9,180.0,7.17,SIMULATED_INPUT
2024-03-27,0.0,192.86,7.198,SIMULATED_INPUT
2024-03-28,0.1,186.43,7.212,SIMULATED_INPUT
2024-03-29,3.85,180.33,7.212,SIMULATED_INPUT
2024-03-30,3.57,192.86,7.212,SIMULATED_INPUT
2024-03-31,5.32,198.13,7.238,SIMULATED_INPUT
2024-04-01,0.0,203.46,7.288,SIMULATED_INPUT
2024-04-02,0.0,188.78,7.279,SIMULATED_INPUT
2024-04-03,0.0,180.0,7.24,SIMULATED_INPUT
2024-04-04,0.0,180.0,7.189,SIMULATED_INPUT
2024-04-05,0.0,180.0,7.17,SIMULATED_INPUT
2024-04-06,0.0,180.0,7.17,SIMULATED_INPUT
2024-04-07,0.0,180.0,7.17,SIMULATED_INPUT
2024-04-08,3.2,180.0,7.17,SIMULATED_INPUT
2024-04-09,0.0,190.55,7.193,SIMULATED_INPUT
2024-04-10,0.0,185.28,7.204,SIMULATED_INPUT
2024-04-11,10.39,180.0,7.204,SIMULATED_INPUT
2024-04-12,0.0,214.3,7.256,SIMULATED_INPUT
2024-04-13,5.9,197.15,7.281,SIMULATED_INPUT
2024-04-14,0.0,199.47,7.324,SIMULATED_INPUT
2024-04-15,0.0,189.74,7.27,SIMULATED_INPUT
2024-04-16,0.0,180.0,7.233,SIMULATED_INPUT
2024-04-17,0.0,180.0,7.191,SIMULATED_INPUT
2024-04-18,6.72,180.0,7.17,SIMULATED_INPUT
2024-04-19,0.0,202.3,7.218,SIMULATED_INPUT
2024-04-20,3.54,191.47,7.243,SIMULATED_INPUT
2024-04-21,2.04,192.47,7.27,SIMULATED_INPUT
2024-04-22,0.0,193.92,7.252,SIMULATED_INPUT
2024-04-23,0.0,185.41,7.239,SIMULATED_INPUT
2024-04-24,1.1,182.88,7.218,SIMULATED_INPUT
2024-04-25,0.0,187.49,7.204,SIMULATED_INPUT
2024-04-26,2.76,186.82,7.207,SIMULATED_INPUT
2024-04-27,1.31,195.4,7.234,SIMULATED_INPUT
2024-04-28,14.2,196.57,7.254,SIMULATED_INPUT
2024-04-29,0.0,238.28,7.366,SIMULATED_INPUT
2024-04-30,0.0,214.38,7.407,SIMULATED_INPUT
2024-05-01,3.73,192.78,7.398,SIMULATED_INPUT
2024-05-02,4.41,207.07,7.331,SIMULATED_INPUT
2024-05-03,13.9,217.57,7.338,SIMULATED_INPUT
2024-05-04,10.11,252.22,7.467,SIMULATED_INPUT
2024-05-05,6.71,257.71,7.576,SIMULATED_INPUT
2024-05-06,16.0,242.69,7.631,SIMULATED_INPUT
2024-05-07,0.0,270.34,7.67,SIMULATED_INPUT
2024-05-08,0.13,235.57,7.622,SIMULATED_INPUT
2024-05-09,0.0,212.42,7.556,SIMULATED_INPUT
2024-05-10,3.17,215.13,7.437,SIMULATED_INPUT
2024-05-11,0.0,228.4,7.421,SIMULATED_INPUT
2024-05-12,12.48,226.32,7.451,SIMULATED_INPUT
2024-05-13,6.2,265.51,7.56,SIMULATED_INPUT
2024-05-14,0.0,268.72,7.648,SIMULATED_INPUT
2024-05-15,1.07,241.33,7.68,SIMULATED_INPUT
2024-05-16,12.34,238.14,7.621,SIMULATED_INPUT
2024-05-17,17.18,280.69,7.647,SIMULATED_INPUT
2024-05-18,27.11,318.94,7.815,SIMULATED_INPUT
2024-05-19,35.12,363.45,8.087,SIMULATED_INPUT
2024-05-20,15.82,410.1,8.367,SIMULATED_INPUT
2024-05-21,5.28,363.49,8.464,SIMULATED_INPUT
2024-05-22,0.0,300.83,8.328,SIMULATED_INPUT
2024-05-23,16.77,270.01,8.024,SIMULATED_INPUT
2024-05-24,8.86,320.71,7.932,SIMULATED_INPUT
2024-05-25,12.78,326.37,7.987,SIMULATED_INPUT
2024-05-26,11.95,330.39,8.118,SIMULATED_INPUT
2024-05-27,16.47,338.31,8.156,SIMULATED_INPUT
2024-05-28,26.89,356.09,8.22,SIMULATED_INPUT
2024-05-29,20.38,402.16,8.376,SIMULATED_INPUT
2024-05-30,18.62,402.13,8.514,SIMULATED_INPUT
2024-05-31,12.38,389.87,8.587,SIMULATED_INPUT
2024-06-01,8.04,370.66,8.519,SIMULATED_INPUT
2024-06-02,18.32,350.33,8.407,SIMULATED_INPUT
2024-06-03,22.55,381.4,8.389,SIMULATED_INPUT
2024-06-04,37.9,416.64,8.488,SIMULATED_INPUT
2024-06-05,25.57,478.57,8.766,SIMULATED_INPUT
2024-06-06,33.16,467.49,8.953,SIMULATED_INPUT
2024-06-07,22.07,476.45,9.082,SIMULATED_INPUT
2024-06-08,17.35,456.62,9.035,SIMULATED_INPUT
2024-06-09,19.87,426.94,8.947,SIMULATED_INPUT
2024-06-10,22.54,431.63,8.85,SIMULATED_INPUT
2024-06-11,46.11,448.73,8.832,SIMULATED_INPUT
2024-06-12,23.25,535.02,9.067,SIMULATED_INPUT
2024-06-13,37.26,502.52,9.22,SIMULATED_INPUT
2024-06-14,24.04,515.01,9.364,SIMULATED_INPUT
2024-06-15,39.43,498.45,9.285,SIMULATED_INPUT
2024-06-16,35.75,531.29,9.347,SIMULATED_INPUT
2024-06-17,32.1,548.35,9.419,SIMULATED_INPUT
2024-06-18,33.7,533.98,9.496,SIMULATED_INPUT
2024-06-19,29.45,536.89,9.508,SIMULATED_INPUT
2024-06-20,38.9,529.07,9.467,SIMULATED_INPUT
2024-06-21,32.32,556.73,9.516,SIMULATED_INPUT
2024-06-22,26.77,554.01,9.553,SIMULATED_INPUT
2024-06-23,26.94,528.14,9.551,SIMULATED_INPUT
2024-06-24,39.13,522.78,9.477,SIMULATED_INPUT
2024-06-25,50.94,566.39,9.504,SIMULATED_INPUT
2024-06-26,40.13,628.49,9.722,SIMULATED_INPUT
2024-06-27,38.42,615.2,9.922,SIMULATED_INPUT
2024-06-28,42.16,594.52,9.983,SIMULATED_INPUT
2024-06-29,50.8,606.72,9.936,SIMULATED_INPUT
2024-06-30,42.57,643.97,9.998,SIMULATED_INPUT
2024-07-01,37.97,633.5,10.082,SIMULATED_INPUT
2024-07-02,50.52,607.05,10.083,SIMULATED_INPUT
2024-07-03,45.5,643.07,10.081,SIMULATED_INPUT
2024-07-04,54.72,649.26,10.115,SIMULATED_INPUT
2024-07-05,44.25,673.34,10.259,SIMULATED_INPUT
2024-07-06,33.31,655.8,10.287,SIMULATED_INPUT
2024-07-07,32.46,604.08,10.189,SIMULATED_INPUT
2024-07-08,56.89,584.75,9.997,SIMULATED_INPUT
2024-07-09,57.72,665.33,10.017,SIMULATED_INPUT
2024-07-10,42.72,709.62,10.246,SIMULATED_INPUT
2024-07-11,41.28,662.58,10.415,SIMULATED_INPUT
2024-07-12,56.21,634.06,10.347,SIMULATED_INPUT
2024-07-13,35.81,681.78,10.287,SIMULATED_INPUT
2024-07-14,37.63,639.74,10.237,SIMULATED_INPUT
2024-07-15,50.03,612.6,10.191,SIMULATED_INPUT
2024-07-16,41.79,656.88,10.137,SIMULATED_INPUT
2024-07-17,44.95,650.38,10.16,SIMULATED_INPUT
2024-07-18,43.69,647.27,10.235,SIMULATED_INPUT
2024-07-19,47.69,648.27,10.216,SIMULATED_INPUT
2024-07-20,56.21,659.16,10.235,SIMULATED_INPUT
2024-07-21,45.6,693.5,10.335,SIMULATED_INPUT
2024-07-22,49.94,672.05,10.387,SIMULATED_INPUT
2024-07-23,28.27,668.2,10.406,SIMULATED_INPUT
2024-07-24,44.13,603.02,10.21,SIMULATED_INPUT
2024-07-25,37.6,618.66,10.095,SIMULATED_INPUT
2024-07-26,34.4,622.2,9.995,SIMULATED_INPUT
2024-07-27,36.9,599.62,9.988,SIMULATED_INPUT
2024-07-28,41.01,601.21,9.95,SIMULATED_INPUT
2024-07-29,50.73,617.36,9.939,SIMULATED_INPUT
2024-07-30,32.5,654.56,10.058,SIMULATED_INPUT
2024-07-31,43.03,608.63,10.075,SIMULATED_INPUT
2024-08-01,38.56,611.37,10.062,SIMULATED_INPUT
2024-08-02,39.44,611.95,9.969,SIMULATED_INPUT
2024-08-03,49.69,605.31,9.962,SIMULATED_INPUT
2024-08-04,45.56,638.27,10.02,SIMULATED_INPUT
2024-08-05,51.52,639.1,10.079,SIMULATED_INPUT
2024-08-06,39.12,649.37,10.175,SIMULATED_INPUT
2024-08-07,34.31,615.61,10.126,SIMULATED_INPUT
2024-08-08,37.58,576.48,9.99,SIMULATED_INPUT
2024-08-09,40.79,576.45,9.832,SIMULATED_INPUT
2024-08-10,39.72,589.43,9.775,SIMULATED_INPUT
2024-08-11,29.07,588.08,9.8,SIMULATED_INPUT
2024-08-12,37.89,547.96,9.739,SIMULATED_INPUT
2024-08-13,38.4,556.19,9.666,SIMULATED_INPUT
2024-08-14,56.1,569.01,9.625,SIMULATED_INPUT
2024-08-15,50.35,624.76,9.792,SIMULATED_INPUT
2024-08-16,27.86,631.41,9.955,SIMULATED_INPUT
2024-08-17,31.73,544.06,9.9,SIMULATED_INPUT
2024-08-18,21.65,515.99,9.665,SIMULATED_INPUT
2024-08-19,27.95,485.3,9.348,SIMULATED_INPUT
2024-08-20,34.5,485.58,9.222,SIMULATED_INPUT
2024-08-21,40.91,513.66,9.217,SIMULATED_INPUT
2024-08-22,24.72,541.65,9.339,SIMULATED_INPUT
2024-08-23,24.59,494.74,9.358,SIMULATED_INPUT
2024-08-24,11.91,463.49,9.25,SIMULATED_INPUT
2024-08-25,27.04,417.29,8.98,SIMULATED_INPUT
2024-08-26,19.09,442.13,8.866,SIMULATED_INPUT
2024-08-27,22.59,436.66,8.808,SIMULATED_INPUT
2024-08-28,19.05,430.88,8.838,SIMULATED_INPUT
2024-08-29,24.55,420.71,8.791,SIMULATED_INPUT
2024-08-30,10.47,428.72,8.774,SIMULATED_INPUT
2024-08-31,12.02,387.04,8.679,SIMULATED_INPUT
2024-09-01,40.02,364.63,8.558,SIMULATED_INPUT
2024-09-02,11.91,455.28,8.615,SIMULATED_INPUT
2024-09-03,12.66,404.42,8.653,SIMULATED_INPUT
2024-09-04,35.36,356.22,8.635,SIMULATED_INPUT
2024-09-05,43.13,428.08,8.576,SIMULATED_INPUT
2024-09-06,9.75,486.92,8.754,SIMULATED_INPUT
2024-09-07,15.41,385.35,8.817,SIMULATED_INPUT
2024-09-08,20.33,344.74,8.637,SIMULATED_INPUT
2024-09-09,30.68,366.14,8.375,SIMULATED_INPUT
2024-09-10,8.21,404.24,8.416,SIMULATED_INPUT
2024-09-11,13.4,343.05,8.412,SIMULATED_INPUT
2024-09-12,20.85,319.06,8.31,SIMULATED_INPUT
2024-09-13,17.39,348.21,8.189,SIMULATED_INPUT
2024-09-14,10.19,345.13,8.194,SIMULATED_INPUT
2024-09-15,11.43,311.78,8.178,SIMULATED_INPUT
2024-09-16,0.81,300.17,8.074,SIMULATED_INPUT
2024-09-17,9.23,263.43,7.897,SIMULATED_INPUT
2024-09-18,8.35,270.02,7.806,SIMULATED_INPUT
2024-09-19,11.69,277.38,7.757,SIMULATED_INPUT
2024-09-20,4.75,283.43,7.8,SIMULATED_INPUT
2024-09-21,12.35,262.64,7.784,SIMULATED_INPUT
2024-09-22,16.08,272.94,7.775,SIMULATED_INPUT
2024-09-23,8.64,294.54,7.799,SIMULATED_INPUT
2024-09-24,9.65,273.0,7.821,SIMULATED_INPUT
2024-09-25,6.71,261.0,7.795,SIMULATED_INPUT
2024-09-26,5.76,250.05,7.699,SIMULATED_INPUT
2024-09-27,0.0,239.24,7.626,SIMULATED_INPUT
2024-09-28,7.3,215.96,7.528,SIMULATED_INPUT
2024-09-29,3.52,227.95,7.48,SIMULATED_INPUT
2024-09-30,20.6,225.05,7.449,SIMULATED_INPUT
2024-10-01,16.02,272.84,7.573,SIMULATED_INPUT
2024-10-02,6.12,283.68,7.693,SIMULATED_INPUT
2024-10-03,0.0,241.36,7.729,SIMULATED_INPUT
2024-10-04,0.0,202.88,7.577,SIMULATED_INPUT
2024-10-05,11.5,190.95,7.376,SIMULATED_INPUT
2024-10-06,3.77,227.21,7.346,SIMULATED_INPUT
2024-10-07,5.23,219.12,7.381,SIMULATED_INPUT
2024-10-08,0.0,209.75,7.422,SIMULATED_INPUT
2024-10-09,8.32,193.63,7.349,SIMULATED_INPUT
2024-10-10,4.33,211.33,7.332,SIMULATED_INPUT
2024-10-11,0.0,210.91,7.334,SIMULATED_INPUT
2024-10-12,0.0,189.19,7.325,SIMULATED_INPUT
2024-10-13,2.35,181.34,7.26,SIMULATED_INPUT
2024-10-14,0.56,188.54,7.211,SIMULATED_INPUT
2024-10-15,0.0,186.1,7.205,SIMULATED_INPUT
2024-10-16,0.0,181.04,7.204,SIMULATED_INPUT
2024-10-17,0.0,180.0,7.185,SIMULATED_INPUT
2024-10-18,1.22,180.0,7.172,SIMULATED_INPUT
2024-10-19,11.77,184.03,7.179,SIMULATED_INPUT
2024-10-20,0.0,220.86,7.267,SIMULATED_INPUT
2024-10-21,0.0,199.42,7.309,SIMULATED_INPUT
2024-10-22,1.41,180.0,7.301,SIMULATED_INPUT
2024-10-23,2.37,184.66,7.222,SIMULATED_INPUT
2024-10-24,0.0,190.14,7.202,SIMULATED_INPUT
2024-10-25,0.0,183.91,7.211,SIMULATED_INPUT
2024-10-26,2.62,180.0,7.2,SIMULATED_INPUT
2024-10-27,13.82,188.66,7.197,SIMULATED_INPUT
2024-10-28,0.0,229.93,7.297,SIMULATED_INPUT
2024-10-29,6.91,202.8,7.346,SIMULATED_INPUT
2024-10-30,0.0,202.81,7.377,SIMULATED_INPUT
2024-10-31,0.0,191.4,7.294,SIMULATED_INPUT
2024-11-01,0.0,180.0,7.244,SIMULATED_INPUT
2024-11-02,0.0,180.0,7.195,SIMULATED_INPUT
2024-11-03,10.4,180.0,7.17,SIMULATED_INPUT
2024-11-04,4.66,214.32,7.244,SIMULATED_INPUT
2024-11-05,13.86,212.54,7.315,SIMULATED_INPUT
2024-11-06,9.42,233.42,7.431,SIMULATED_INPUT
2024-11-07,3.51,233.95,7.473,SIMULATED_INPUT
2024-11-08,13.95,207.13,7.461,SIMULATED_INPUT
2024-11-09,3.51,231.84,7.458,SIMULATED_INPUT
2024-11-10,6.62,214.61,7.416,SIMULATED_INPUT
2024-11-11,0.0,207.65,7.417,SIMULATED_INPUT
2024-11-12,0.53,190.93,7.329,SIMULATED_INPUT
2024-11-13,0.0,181.76,7.257,SIMULATED_INPUT
2024-11-14,7.92,180.88,7.199,SIMULATED_INPUT
2024-11-15,0.0,206.13,7.232,SIMULATED_INPUT
2024-11-16,6.26,193.06,7.257,SIMULATED_INPUT
2024-11-17,0.0,200.65,7.3,SIMULATED_INPUT
2024-11-18,9.37,190.33,7.265,SIMULATED_INPUT
2024-11-19,6.01,210.92,7.304,SIMULATED_INPUT
2024-11-20,14.57,215.28,7.336,SIMULATED_INPUT
2024-11-21,5.85,237.98,7.439,SIMULATED_INPUT
2024-11-22,0.0,223.32,7.466,SIMULATED_INPUT
2024-11-23,0.0,189.65,7.41,SIMULATED_INPUT
2024-11-24,0.0,180.0,7.285,SIMULATED_INPUT
2024-11-25,0.0,180.0,7.191,SIMULATED_INPUT
2024-11-26,12.09,180.0,7.17,SIMULATED_INPUT
2024-11-27,5.1,219.9,7.256,SIMULATED_INPUT
2024-11-28,0.0,216.78,7.336,SIMULATED_INPUT
2024-11-29,0.0,188.42,7.354,SIMULATED_INPUT
2024-11-30,0.26,180.0,7.268,SIMULATED_INPUT
2024-12-01,0.0,180.87,7.19,SIMULATED_INPUT
2024-12-02,0.0,180.43,7.173,SIMULATED_INPUT
2024-12-03,2.5,180.0,7.173,SIMULATED_INPUT
2024-12-04,9.24,188.24,7.189,SIMULATED_INPUT
2024-12-05,4.87,214.62,7.263,SIMULATED_INPUT
2024-12-06,0.0,211.32,7.331,SIMULATED_INPUT
2024-12-07,2.43,188.04,7.33,SIMULATED_INPUT
2024-12-08,0.58,188.04,7.273,SIMULATED_INPUT
2024-12-09,3.31,185.92,7.218,SIMULATED_INPUT
2024-12-10,12.93,191.88,7.226,SIMULATED_INPUT
2024-12-11,0.0,228.13,7.313,SIMULATED_INPUT
2024-12-12,0.0,201.33,7.346,SIMULATED_INPUT
2024-12-13,4.73,180.0,7.321,SIMULATED_INPUT
2024-12-14,0.0,195.6,7.25,SIMULATED_INPUT
2024-12-15,11.81,187.8,7.221,SIMULATED_INPUT
2024-12-16,2.95,218.97,7.305,SIMULATED_INPUT
2024-12-17,6.77,209.21,7.335,SIMULATED_INPUT
2024-12-18,0.0,207.21,7.377,SIMULATED_INPUT
2024-12-19,6.51,191.17,7.316,SIMULATED_INPUT
2024-12-20,8.55,201.48,7.3,SIMULATED_INPUT
2024-12-21,1.86,218.95,7.325,SIMULATED_INPUT
2024-12-22,1.88,200.25,7.345,SIMULATED_INPUT
2024-12-23,2.16,189.26,7.318,SIMULATED_INPUT
2024-12-24,0.0,190.23,7.256,SIMULATED_INPUT
2024-12-25,0.0,183.57,7.22,SIMULATED_INPUT
2024-12-26,0.0,180.0,7.2,SIMULATED_INPUT
2024-12-27,3.07,180.0,7.178,SIMULATED_INPUT
2024-12-28,8.0,190.12,7.192,SIMULATED_INPUT
2024-12-29,0.0,211.46,7.26,SIMULATED_INPUT
2024-12-30,0.0,193.2,7.289,SIMULATED_INPUT
2024-12-31,11.85,180.0,7.267,SIMULATED_INPUT
2025-01-01,0.0,219.11,7.283,SIMULATED_INPUT
2025-01-02,0.0,199.56,7.297,SIMULATED_INPUT
2025-01-03,1.62,180.0,7.297,SIMULATED_INPUT
2025-01-04,6.76,185.34,7.224,SIMULATED_INPUT
2025-01-05,0.09,204.96,7.236,SIMULATED_INPUT
2025-01-06,10.63,191.45,7.26,SIMULATED_INPUT
2025-01-07,6.85,215.24,7.325,SIMULATED_INPUT
2025-01-08,6.73,220.16,7.358,SIMULATED_INPUT
2025-01-09,4.43,213.53,7.406,SIMULATED_INPUT
2025-01-10,18.62,205.74,7.385,SIMULATED_INPUT
2025-01-11,0.0,248.76,7.447,SIMULATED_INPUT
2025-01-12,0.0,210.73,7.441,SIMULATED_INPUT
2025-01-13,12.83,180.0,7.386,SIMULATED_INPUT
2025-01-14,0.0,222.35,7.328,SIMULATED_INPUT
2025-01-15,0.86,201.18,7.308,SIMULATED_INPUT
2025-01-16,10.48,182.85,7.314,SIMULATED_INPUT
2025-01-17,0.0,216.0,7.3,SIMULATED_INPUT
2025-01-18,0.0,197.29,7.292,SIMULATED_INPUT
2025-01-19,0.0,180.0,7.285,SIMULATED_INPUT
2025-01-20,0.0,180.0,7.207,SIMULATED_INPUT
2025-01-21,3.52,180.0,7.17,SIMULATED_INPUT
2025-01-22,4.19,191.61,7.195,SIMULATED_INPUT
2025-01-23,2.21,199.64,7.238,SIMULATED_INPUT
2025-01-24,0.0,194.21,7.268,SIMULATED_INPUT
2025-01-25,0.0,183.65,7.251,SIMULATED_INPUT
2025-01-26,0.43,180.0,7.209,SIMULATED_INPUT
2025-01-27,0.0,181.43,7.181,SIMULATED_INPUT
2025-01-28,3.68,180.72,7.175,SIMULATED_INPUT
2025-01-29,5.62,192.13,7.201,SIMULATED_INPUT
2025-01-30,1.11,204.6,7.251,SIMULATED_INPUT
2025-01-31,6.08,192.92,7.278,SIMULATED_INPUT
2025-02-01,1.83,201.89,7.299,SIMULATED_INPUT
2025-02-02,4.24,196.08,7.28,SIMULATED_INPUT
2025-02-03,0.0,197.02,7.289,SIMULATED_INPUT
2025-02-04,0.0,187.0,7.257,SIMULATED_INPUT
2025-02-05,1.57,180.0,7.222,SIMULATED_INPUT
2025-02-06,6.56,185.19,7.196,SIMULATED_INPUT
2025-02-07,0.0,204.26,7.234,SIMULATED_INPUT
2025-02-08,4.17,190.83,7.257,SIMULATED_INPUT
2025-02-09,0.0,193.76,7.276,SIMULATED_INPUT
2025-02-10,0.0,186.88,7.238,SIMULATED_INPUT
2025-02-11,6.64,180.0,7.215,SIMULATED_INPUT
2025-02-12,0.0,201.9,7.232,SIMULATED_INPUT
2025-02-13,0.0,190.95,7.241,SIMULATED_INPUT
2025-02-14,0.0,180.0,7.241,SIMULATED_INPUT
2025-02-15,0.0,180.0,7.194,SIMULATED_INPUT
2025-02-16,0.0,180.0,7.17,SIMULATED_INPUT
2025-02-17,6.0,180.0,7.17,SIMULATED_INPUT
2025-02-18,0.0,199.79,7.213,SIMULATED_INPUT
2025-02-19,1.58,189.89,7.234,SIMULATED_INPUT
2025-02-20,8.71,185.22,7.246,SIMULATED_INPUT
2025-02-21,10.62,211.37,7.271,SIMULATED_INPUT
2025-02-22,0.0,229.43,7.356,SIMULATED_INPUT
2025-02-23,10.83,197.53,7.383,SIMULATED_INPUT
2025-02-24,0.74,215.73,7.392,SIMULATED_INPUT
2025-02-25,0.0,200.3,7.329,SIMULATED_INPUT
2025-02-26,0.0,181.22,7.294,SIMULATED_INPUT
2025-02-27,0.0,180.0,7.217,SIMULATED_INPUT
2025-02-28,0.0,180.0,7.173,SIMULATED_INPUT
2025-03-01,0.0,180.0,7.17,SIMULATED_INPUT
2025-03-02,6.43,180.0,7.17,SIMULATED_INPUT
2025-03-03,13.77,201.21,7.216,SIMULATED_INPUT
2025-03-04,0.0,236.04,7.337,SIMULATED_INPUT
2025-03-05,3.14,202.71,7.387,SIMULATED_INPUT
2025-03-06,0.0,190.37,7.363,SIMULATED_INPUT
2025-03-07,3.8,185.19,7.253,SIMULATED_INPUT
2025-03-08,0.0,192.53,7.231,SIMULATED_INPUT
2025-03-09,0.0,186.27,7.222,SIMULATED_INPUT
2025-03-10,7.43,180.0,7.211,SIMULATED_INPUT
2025-03-11,0.0,204.51,7.237,SIMULATED_INPUT
2025-03-12,0.0,192.25,7.25,SIMULATED_INPUT
2025-03-13,0.0,180.0,7.25,SIMULATED_INPUT
2025-03-14,0.0,180.0,7.197,SIMULATED_INPUT
2025-03-15,3.42,180.0,7.17,SIMULATED_INPUT
2025-03-16,0.0,191.3,7.194,SIMULATED_INPUT
2025-03-17,2.63,185.65,7.207,SIMULATED_INPUT
2025-03-18,2.9,188.68,7.226,SIMULATED_INPUT
2025-03-19,10.57,193.89,7.231,SIMULATED_INPUT
2025-03-20,0.0,219.64,7.305,SIMULATED_INPUT
2025-03-21,0.0,197.43,7.324,SIMULATED_INPUT
2025-03-22,8.54,180.0,7.294,SIMULATED_INPUT
2025-03-23,0.0,208.17,7.269,SIMULATED_INPUT
2025-03-24,8.92,194.09,7.262,SIMULATED_INPUT
2025-03-25,3.07,209.43,7.325,SIMULATED_INPUT
2025-03-26,0.0,204.83,7.318,SIMULATED_INPUT
2025-03-27,2.79,185.06,7.299,SIMULATED_INPUT
2025-03-28,15.61,189.21,7.255,SIMULATED_INPUT
2025-03-29,16.62,236.11,7.322,SIMULATED_INPUT
2025-03-30,0.56,260.59,7.486,SIMULATED_INPUT
2025-03-31,1.28,209.25,7.53,SIMULATED_INPUT
2025-04-01,8.61,185.14,7.419,SIMULATED_INPUT
2025-04-02,0.0,210.53,7.311,SIMULATED_INPUT
2025-04-03,2.66,194.21,7.278,SIMULATED_INPUT
2025-04-04,0.0,188.79,7.286,SIMULATED_INPUT
2025-04-05,2.51,184.4,7.229,SIMULATED_INPUT
2025-04-06,0.0,188.29,7.217,SIMULATED_INPUT
2025-04-07,0.0,184.14,7.206,SIMULATED_INPUT
2025-04-08,0.0,180.0,7.197,SIMULATED_INPUT
2025-04-09,0.0,180.0,7.179,SIMULATED_INPUT
2025-04-10,0.0,180.0,7.17,SIMULATED_INPUT
2025-04-11,0.0,180.0,7.17,SIMULATED_INPUT
2025-04-12,15.5,180.0,7.17,SIMULATED_INPUT
2025-04-13,8.85,231.14,7.281,SIMULATED_INPUT
2025-04-14,0.0,234.77,7.399,SIMULATED_INPUT
2025-04-15,2.78,194.6,7.431,SIMULATED_INPUT
2025-04-16,0.0,189.18,7.34,SIMULATED_INPUT
2025-04-17,0.0,184.59,7.231,SIMULATED_INPUT
2025-04-18,1.48,180.0,7.2,SIMULATED_INPUT
2025-04-19,4.95,184.9,7.191,SIMULATED_INPUT
2025-04-20,0.0,198.91,7.222,SIMULATED_INPUT
2025-04-21,8.58,188.55,7.24,SIMULATED_INPUT
2025-04-22,0.0,209.09,7.293,SIMULATED_INPUT
2025-04-23,0.29,195.49,7.285,SIMULATED_INPUT
2025-04-24,21.15,183.0,7.273,SIMULATED_INPUT
2025-04-25,2.3,253.15,7.369,SIMULATED_INPUT
2025-04-26,12.16,226.37,7.435,SIMULATED_INPUT
2025-04-27,1.63,228.95,7.535,SIMULATED_INPUT
2025-04-28,5.78,211.75,7.445,SIMULATED_INPUT
2025-04-29,0.93,209.46,7.409,SIMULATED_INPUT
2025-04-30,0.3,201.87,7.35,SIMULATED_INPUT
2025-05-01,0.0,193.49,7.31,SIMULATED_INPUT
2025-05-02,5.74,193.28,7.275,SIMULATED_INPUT
2025-05-03,0.0,213.7,7.301,SIMULATED_INPUT
2025-05-04,8.36,206.31,7.329,SIMULATED_INPUT
2025-05-05,12.11,226.63,7.401,SIMULATED_INPUT
2025-05-06,6.78,255.16,7.491,SIMULATED_INPUT
2025-05-07,2.01,246.25,7.577,SIMULATED_INPUT
2025-05-08,8.39,224.28,7.572,SIMULATED_INPUT
2025-05-09,2.78,240.18,7.54,SIMULATED_INPUT
2025-05-10,13.24,235.02,7.516,SIMULATED_INPUT
2025-05-11,0.0,263.2,7.6,SIMULATED_INPUT
2025-05-12,4.15,239.8,7.599,SIMULATED_INPUT
2025-05-13,0.0,234.78,7.599,SIMULATED_INPUT
2025-05-14,0.0,231.17,7.529,SIMULATED_INPUT
2025-05-15,19.49,227.67,7.503,SIMULATED_INPUT
2025-05-16,16.36,295.41,7.634,SIMULATED_INPUT
2025-05-17,4.07,320.75,7.828,SIMULATED_INPUT
2025-05-18,0.0,278.64,7.939,SIMULATED_INPUT
2025-05-19,0.0,248.6,7.837,SIMULATED_INPUT
2025-05-20,7.47,245.63,7.675,SIMULATED_INPUT
2025-05-21,31.86,274.09,7.665,SIMULATED_INPUT
2025-05-22,16.68,370.81,7.929,SIMULATED_INPUT
2025-05-23,9.44,364.91,8.188,SIMULATED_INPUT
2025-05-24,18.35,319.95,8.287,SIMULATED_INPUT
2025-05-25,2.88,341.49,8.224,SIMULATED_INPUT
2025-05-26,13.72,309.23,8.103,SIMULATED_INPUT
2025-05-27,17.64,323.63,8.111,SIMULATED_INPUT
2025-05-28,16.91,358.65,8.148,SIMULATED_INPUT
2025-05-29,24.69,366.92,8.273,SIMULATED_INPUT
2025-05-30,21.88,395.61,8.429,SIMULATED_INPUT
2025-05-31,25.24,403.45,8.526,SIMULATED_INPUT
2025-06-01,15.16,414.18,8.629,SIMULATED_INPUT
2025-06-02,28.62,390.74,8.618,SIMULATED_INPUT
2025-06-03,35.24,422.83,8.66,SIMULATED_INPUT
2025-06-04,15.22,471.2,8.784,SIMULATED_INPUT
2025-06-05,16.66,420.37,8.848,SIMULATED_INPUT
2025-06-06,35.22,396.37,8.791,SIMULATED_INPUT
2025-06-07,23.77,464.26,8.775,SIMULATED_INPUT
2025-06-08,37.3,461.37,8.864,SIMULATED_INPUT
2025-06-09,23.29,491.36,9.07,SIMULATED_INPUT
2025-06-10,39.23,471.66,9.086,SIMULATED_INPUT
2025-06-11,29.39,505.32,9.181,SIMULATED_INPUT
2025-06-12,31.15,503.29,9.207,SIMULATED_INPUT
2025-06-13,42.34,496.96,9.262,SIMULATED_INPUT
2025-06-14,27.65,540.82,9.339,SIMULATED_INPUT
2025-06-15,23.74,514.82,9.364,SIMULATED_INPUT
2025-06-16,28.39,481.6,9.331,SIMULATED_INPUT
2025-06-17,36.29,494.35,9.23,SIMULATED_INPUT
2025-06-18,20.83,531.91,9.267,SIMULATED_INPUT
2025-06-19,39.13,497.67,9.302,SIMULATED_INPUT
2025-06-20,30.38,536.2,9.393,SIMULATED_INPUT
2025-06-21,44.51,541.08,9.412,SIMULATED_INPUT
2025-06-22,16.8,576.79,9.584,SIMULATED_INPUT
2025-06-23,30.28,512.08,9.532,SIMULATED_INPUT
2025-06-24,23.68,514.14,9.473,SIMULATED_INPUT
2025-06-25,31.14,517.79,9.345,SIMULATED_INPUT
2025-06-26,40.29,534.63,9.394,SIMULATED_INPUT
2025-06-27,37.41,580.15,9.537,SIMULATED_INPUT
2025-06-28,37.34,588.67,9.691,SIMULATED_INPUT
2025-06-29,38.6,586.49,9.803,SIMULATED_INPUT
2025-06-30,41.98,593.19,9.831,SIMULATED_INPUT
2025-07-01,32.75,608.99,9.875,SIMULATED_INPUT
2025-07-02,46.91,586.53,9.876,SIMULATED_INPUT
2025-07-03,46.97,620.35,9.934,SIMULATED_INPUT
2025-07-04,45.15,646.11,10.015,SIMULATED_INPUT
2025-07-05,46.89,642.25,10.136,SIMULATED_INPUT
2025-07-06,45.16,646.91,10.193,SIMULATED_INPUT
2025-07-07,59.39,645.86,10.193,SIMULATED_INPUT
2025-07-08,42.71,691.63,10.3,SIMULATED_INPUT
2025-07-09,41.22,661.59,10.331,SIMULATED_INPUT
2025-07-10,37.9,630.55,10.298,SIMULATED_INPUT
2025-07-11,35.89,618.38,10.139,SIMULATED_INPUT
2025-07-12,34.39,607.37,10.022,SIMULATED_INPUT
2025-07-13,37.41,600.07,9.956,SIMULATED_INPUT
2025-07-14,44.1,608.36,9.934,SIMULATED_INPUT
2025-07-15,47.46,636.08,9.996,SIMULATED_INPUT
2025-07-16,45.29,658.72,10.124,SIMULATED_INPUT
2025-07-17,38.82,657.47,10.23,SIMULATED_INPUT
2025-07-18,52.19,632.77,10.223,SIMULATED_INPUT
2025-07-19,50.92,666.28,10.239,SIMULATED_INPUT
2025-07-20,43.71,684.06,10.297,SIMULATED_INPUT
2025-07-21,39.72,657.96,10.351,SIMULATED_INPUT
2025-07-22,49.27,632.54,10.278,SIMULATED_INPUT
2025-07-23,46.29,656.94,10.219,SIMULATED_INPUT
2025-07-24,33.08,662.2,10.229,SIMULATED_INPUT
2025-07-25,43.98,612.89,10.186,SIMULATED_INPUT
2025-07-26,46.45,626.1,10.119,SIMULATED_INPUT
2025-07-27,36.95,651.12,10.095,SIMULATED_INPUT
2025-07-28,45.45,622.63,10.116,SIMULATED_INPUT
2025-07-29,32.04,633.62,10.133,SIMULATED_INPUT
2025-07-30,54.1,601.87,10.026,SIMULATED_INPUT
2025-07-31,53.09,650.86,10.087,SIMULATED_INPUT
2025-08-01,40.76,682.14,10.192,SIMULATED_INPUT
2025-08-02,45.34,637.88,10.27,SIMULATED_INPUT
2025-08-03,22.79,630.59,10.226,SIMULATED_INPUT
2025-08-04,32.42,561.52,9.965,SIMULATED_INPUT
2025-08-05,38.9,553.78,9.783,SIMULATED_INPUT
2025-08-06,32.24,588.64,9.692,SIMULATED_INPUT
2025-08-07,46.07,574.78,9.721,SIMULATED_INPUT
2025-08-08,55.85,606.75,9.835,SIMULATED_INPUT
2025-08-09,29.96,659.06,9.988,SIMULATED_INPUT
2025-08-10,32.15,586.84,10.014,SIMULATED_INPUT
2025-08-11,40.19,548.34,9.888,SIMULATED_INPUT
2025-08-12,50.64,575.38,9.706,SIMULATED_INPUT
2025-08-13,27.39,619.9,9.778,SIMULATED_INPUT
2025-08-14,38.56,557.11,9.797,SIMULATED_INPUT
2025-08-15,50.53,552.23,9.747,SIMULATED_INPUT
2025-08-16,22.12,606.66,9.718,SIMULATED_INPUT
2025-08-17,24.44,529.06,9.657,SIMULATED_INPUT
2025-08-18,30.64,486.18,9.514,SIMULATED_INPUT
2025-08-19,29.19,506.75,9.298,SIMULATED_INPUT
2025-08-20,39.17,508.4,9.253,SIMULATED_INPUT
2025-08-21,33.91,535.07,9.359,SIMULATED_INPUT
2025-08-22,17.07,530.23,9.41,SIMULATED_INPUT
2025-08-23,34.67,461.98,9.309,SIMULATED_INPUT
2025-08-24,25.2,488.24,9.208,SIMULATED_INPUT
2025-08-25,39.28,481.94,9.103,SIMULATED_INPUT
2025-08-26,23.32,508.64,9.204,SIMULATED_INPUT
2025-08-27,22.49,475.03,9.175,SIMULATED_INPUT
2025-08-28,31.16,441.76,9.088,SIMULATED_INPUT
2025-08-29,32.17,464.76,8.993,SIMULATED_INPUT
2025-08-30,28.89,478.14,9.0,SIMULATED_INPUT
2025-08-31,11.05,464.69,9.05,SIMULATED_INPUT
2025-09-01,28.06,396.1,8.901,SIMULATED_INPUT
2025-09-02,14.71,418.52,8.772,SIMULATED_INPUT
2025-09-03,24.09,398.23,8.628,SIMULATED_INPUT
2025-09-04,10.05,402.86,8.642,SIMULATED_INPUT
2025-09-05,24.23,367.69,8.532,SIMULATED_INPUT
2025-09-06,13.44,387.05,8.508,SIMULATED_INPUT
2025-09-07,8.86,370.57,8.438,SIMULATED_INPUT
2025-09-08,24.07,333.42,8.364,SIMULATED_INPUT
2025-09-09,19.53,371.84,8.331,SIMULATED_INPUT
2025-09-10,11.94,377.78,8.347,SIMULATED_INPUT
2025-09-11,27.71,341.08,8.363,SIMULATED_INPUT
2025-09-12,11.84,376.49,8.373,SIMULATED_INPUT
2025-09-13,14.89,346.08,8.305,SIMULATED_INPUT
2025-09-14,16.06,325.96,8.272,SIMULATED_INPUT
2025-09-15,8.24,330.92,8.173,SIMULATED_INPUT
2025-09-16,16.27,303.16,8.08,SIMULATED_INPUT
2025-09-17,7.55,312.93,8.052,SIMULATED_INPUT
2025-09-18,7.85,293.63,7.971,SIMULATED_INPUT
2025-09-19,21.38,276.54,7.913,SIMULATED_INPUT
2025-09-20,1.5,318.1,7.925,SIMULATED_INPUT
2025-09-21,0.0,271.33,7.876,SIMULATED_INPUT
2025-09-22,21.47,230.15,7.776,SIMULATED_INPUT
2025-09-23,28.37,295.17,7.726,SIMULATED_INPUT
2025-09-24,4.15,350.15,7.897,SIMULATED_INPUT
2025-09-25,0.0,278.48,8.002,SIMULATED_INPUT
2025-09-26,3.8,221.77,7.843,SIMULATED_INPUT
2025-09-27,3.47,224.53,7.57,SIMULATED_INPUT
2025-09-28,3.73,226.88,7.459,SIMULATED_INPUT
2025-09-29,0.0,224.5,7.464,SIMULATED_INPUT
2025-09-30,8.93,210.03,7.433,SIMULATED_INPUT
2025-10-01,8.05,230.88,7.442,SIMULATED_INPUT
2025-10-02,0.0,240.36,7.476,SIMULATED_INPUT
2025-10-03,8.62,210.12,7.476,SIMULATED_INPUT
2025-10-04,19.08,223.2,7.46,SIMULATED_INPUT
2025-10-05,3.68,269.96,7.524,SIMULATED_INPUT
2025-10-06,0.0,234.56,7.577,SIMULATED_INPUT
2025-10-07,0.53,195.33,7.516,SIMULATED_INPUT
2025-10-08,6.31,189.45,7.342,SIMULATED_INPUT
2025-10-09,0.0,207.98,7.284,SIMULATED_INPUT
2025-10-10,2.22,195.42,7.285,SIMULATED_INPUT
2025-10-11,0.0,191.19,7.288,SIMULATED_INPUT
2025-10-12,15.3,186.54,7.242,SIMULATED_INPUT
2025-10-13,0.0,232.53,7.322,SIMULATED_INPUT
2025-10-14,13.58,206.58,7.356,SIMULATED_INPUT
2025-10-15,0.0,225.61,7.44,SIMULATED_INPUT
2025-10-16,4.77,202.79,7.376,SIMULATED_INPUT
2025-10-17,2.58,195.84,7.353,SIMULATED_INPUT
2025-10-18,0.0,196.37,7.289,SIMULATED_INPUT
2025-10-19,1.42,184.25,7.249,SIMULATED_INPUT
2025-10-20,9.7,184.68,7.225,SIMULATED_INPUT
2025-10-21,0.0,214.35,7.264,SIMULATED_INPUT
2025-10-22,0.0,196.01,7.289,SIMULATED_INPUT
2025-10-23,0.0,180.0,7.279,SIMULATED_INPUT
2025-10-24,0.0,180.0,7.205,SIMULATED_INPUT
2025-10-25,0.0,180.0,7.17,SIMULATED_INPUT
2025-10-26,0.0,180.0,7.17,SIMULATED_INPUT
2025-10-27,0.0,180.0,7.17,SIMULATED_INPUT
2025-10-28,0.0,180.0,7.17,SIMULATED_INPUT
2025-10-29,3.86,180.0,7.17,SIMULATED_INPUT
2025-10-30,0.0,192.73,7.198,SIMULATED_INPUT
2025-10-31,0.0,186.36,7.211,SIMULATED_INPUT
2025-11-01,6.28,180.0,7.211,SIMULATED_INPUT
2025-11-02,2.18,200.72,7.229,SIMULATED_INPUT
2025-11-03,0.0,197.55,7.253,SIMULATED_INPUT
2025-11-04,0.0,183.6,7.261,SIMULATED_INPUT
2025-11-05,6.69,180.0,7.216,SIMULATED_INPUT
2025-11-06,2.79,202.07,7.226,SIMULATED_INPUT
2025-11-07,19.06,200.26,7.262,SIMULATED_INPUT
2025-11-08,3.36,247.51,7.408,SIMULATED_INPUT
2025-11-09,3.1,222.54,7.452,SIMULATED_INPUT
2025-11-10,0.0,195.78,7.443,SIMULATED_INPUT
2025-11-11,6.53,185.12,7.307,SIMULATED_INPUT
2025-11-12,5.0,201.56,7.262,SIMULATED_INPUT
2025-11-13,10.01,207.28,7.287,SIMULATED_INPUT
2025-11-14,0.0,221.3,7.365,SIMULATED_INPUT
2025-11-15,0.0,196.52,7.354,SIMULATED_INPUT
2025-11-16,0.0,180.0,7.295,SIMULATED_INPUT
2025-11-17,6.33,180.0,7.206,SIMULATED_INPUT
2025-11-18,11.99,200.88,7.215,SIMULATED_INPUT
2025-11-19,0.0,230.0,7.324,SIMULATED_INPUT
2025-11-20,0.0,199.78,7.366,SIMULATED_INPUT
2025-11-21,2.51,180.0,7.321,SIMULATED_INPUT
2025-11-22,0.0,188.29,7.231,SIMULATED_INPUT
2025-11-23,7.62,184.15,7.197,SIMULATED_INPUT
2025-11-24,0.0,205.13,7.251,SIMULATED_INPUT
2025-11-25,0.0,192.57,7.261,SIMULATED_INPUT
2025-11-26,0.0,180.0,7.252,SIMULATED_INPUT
2025-11-27,0.0,180.0,7.197,SIMULATED_INPUT
2025-11-28,0.0,180.0,7.17,SIMULATED_INPUT
2025-11-29,0.0,180.0,7.17,SIMULATED_INPUT
2025-11-30,0.0,180.0,7.17,SIMULATED_INPUT
2025-12-01,8.9,180.0,7.17,SIMULATED_INPUT
2025-12-02,0.0,209.38,7.234,SIMULATED_INPUT
2025-12-03,0.0,194.69,7.265,SIMULATED_INPUT
2025-12-04,0.0,180.0,7.265,SIMULATED_INPUT
2025-12-05,8.39,180.0,7.202,SIMULATED_INPUT
2025-12-06,0.0,207.7,7.23,SIMULATED_INPUT
2025-12-07,0.0,193.85,7.26,SIMULATED_INPUT
2025-12-08,4.47,180.0,7.26,SIMULATED_INPUT
2025-12-09,0.0,194.75,7.232,SIMULATED_INPUT
2025-12-10,5.18,187.37,7.218,SIMULATED_INPUT
2025-12-11,0.0,197.09,7.255,SIMULATED_INPUT
2025-12-12,5.61,188.55,7.242,SIMULATED_INPUT
2025-12-13,0.0,198.52,7.266,SIMULATED_INPUT
2025-12-14,0.0,189.26,7.249,SIMULATED_INPUT
2025-12-15,0.0,180.0,7.23,SIMULATED_INPUT
2025-12-16,0.0,180.0,7.19,SIMULATED_INPUT
2025-12-17,0.0,180.0,7.17,SIMULATED_INPUT
2025-12-18,5.49,180.0,7.17,SIMULATED_INPUT
2025-12-19,0.0,198.1,7.209,SIMULATED_INPUT
2025-12-20,0.0,189.05,7.229,SIMULATED_INPUT
2025-12-21,0.0,180.0,7.229,SIMULATED_INPUT
2025-12-22,9.02,180.0,7.19,SIMULATED_INPUT
2025-12-23,0.0,209.78,7.235,SIMULATED_INPUT
2025-12-24,0.0,194.89,7.267,SIMULATED_INPUT
2025-12-25,0.0,180.0,7.267,SIMULATED_INPUT
2025-12-26,11.69,180.0,7.202,SIMULATED_INPUT
2025-12-27,2.26,218.58,7.254,SIMULATED_INPUT
2025-12-28,6.14,206.75,7.312,SIMULATED_INPUT
2025-12-29,0.0,203.99,7.364,SIMULATED_INPUT
2025-12-30,0.0,190.13,7.302,SIMULATED_INPUT
